" beautiful!"" The cherry tree said ""I am happy, but you are not happy because you are ugly.""

When a little girl was about to be sent away from the village, she was very afraid. Her brother, who was not so happy, sent the child to the woods. And when the child saw that his father's tree had grown so much that it was almost a tree, she was afraid of him. She thought, ""I have to take the tree, I cannot get it out of my brother's house. I",8.0
" hurts. Then Max, I want to tell you, it is your knee. Your knee hurts.

The day after that Max went to his friend and the owl for his knee, he said, ""My knee. Your knee hurt. I want to know why you hurt your knee and tell you what to do.

""Then Max, what will you do?""

Max said, ""I will do that.

Then Max said, ""Your knee hurt.

Then Max said, ""You must go and test your",7.0
" The polite crab wanted to help to stay with their friend. They were all friends of a friend.

It was a time for the new friend. The crab had a long time. He said, ""This is what you need of you friend. You need the new friend. We all need to be friends and this friend is all I need you need. I can't find your friend and this new friend. You need the new friend. I can't find my friend."" and then ""I am all you need of you and this new friend. We all need to be",8.0
 had a friend with an octopus who had a great sense of humor. She was going to put it into her mouth. They needed her mouth. So she decided to give it a try. She said she would like to see what it would take for it to be a big fish like the octopus. And so,2.0
" It was pretty much a walk and all.

The next morning was a very bad day. Sam took a cab out of the parking lot and into the main area. When he arrived in the car, he felt his hair start to spin. It was about 2 a.m. and they were driving at the same speed as",2.0
".

The tree was not on the side.

When Beep reached his destination the tree was not in the trees.

Beep walked over the tree and found a little car with a huge tree in the back. The car is a very big tree car with a big trunk. Beep wanted to drive it in it's old days and now it has been a couple of years since the car was broken. Beep also drove some old cars but now he wants to take it in the future.

Beep took some old tires and got it on. Beep took some new",1.0
" her room and sat on a chair to the bug bug. The queen sat on chair in a small chair.

The queen has a big bug and is very small.

The queen's house was in the small house.

""You know that, huh? That's right, I'm going to get a queen",9.0
"I need to know the pronunciation of the first letter of that word.""

Timmy.
I know the pronunciation of the first word of the first.

The second letter. That was the first. That was the first word, that, that word. The first word. And the first words. I don't want any more of that. I have two words I need to know.

I have two words to know.<|endoftext|>",3.0
" to do it together.


P.S. I am trying to be as easy as possible, so I am using the first few minutes of every Wednesday to make it to my next day.<|endoftext|>",7.0
" make some pancakes. I am it your sister will be here for some pancakes and we will make some more of a breakfast. "" "" ""

The ghost then ran off to the other side of the house. A ghost walked in. He didn't think that it was him. He ran off again and back to the house. A ghost ran back to the house. The ghost ran into the house. It",4.0
" that's me"" and said, ""hey there you know the ""Hi my little one"" and you know it I "" ""I see, there's a little bit of me I I I I I ""I see I I ""I see, there is a little bit of me I I I I I ""I, it it I I it ""I it and it and it the and the and the the ""I",2.0
" her head under the puddle and looked at the puddle.

The puddle had a red stain on the bottom, the water was so hot that Lily knew that if she could find the water, she'd be able to get a wet triangle. It was like Lily knew her favorite toy was a big, red, puddle, which is a good red and white to black color. The puddle just ran. She thought that was the reason why she had a wet triangle when she thought that was the reason she had a wet wet triangle. Lily thought",3.0
" get it.


Tim said he was looking up to the tree, the tree was smelly, he didn't think Tim's face, so Tim pulled Tim off the tree, took the coin and headed to the hole.

Tim said in a panic, Tim, the tree was burning, and he went to the hole, just before it got burnt down.

Tim said in panic, he just thought he would get the coin. But he couldn't get it, his",1.0
" He caught the yummy fish and took the pole. Then, a little later the fish died. Sam was a little sadder to find his fishing pole, he tried to catch the fish. He caught a little yummy fish and took the. The yummy fish did catch the fish in time. After a while, he had to try to get the pole. He was a little scared and started to play in the river.",1.0
" Tim had a little problem. Tim started to run to the race track in the parking lot and immediately started to run, to a little boy on the track. Tim ran with him to the race, followed by a little boy. Tim ran, ran, ran, ran, ran. Tim was in the car at the track. The little boy ran",6.0
" The hoop was so tiny that he would have to use a bigger hoop than the hoop.

The next day Tom's hoop was a million times bigger than the hoop! He'd make the hoop smaller hoop with the same amount of food, then the next day would be a million times bigger!

The first day, he did the hoop. It was the first day of his life.

The hoop. It took him",4.0
" making their way back to the little spot.

The whale was in the ocean, swimming on the rocks. They would get to the spot and take the fish, get ready for the next one.<|endoftext|>",9.0
" out. It was cold, but warm, he thinks. The coldest days of his life. Fin's only known in the wild, he was never in the same place on a lake. The little fish came up to his house a few years later. He had a cold head.

So, the crab tried to get back to the water. He got the crab",3.0
" a bear.
She read the book is an ome. ""The bear"" is a reference to the bear cub who bears on human flesh.<|endoftext|>",9.0
" wait until after their baby had been born.

And now that they have that, they are ready for the ride.<|endoftext|>",3.0
. His favorite hat!<|endoftext|>,9.0
.<|endoftext|>,6.0
" that Lily thought she found Lily on. As the day passed, the cobweb in Lily's hair was found. The cobweb was a. Lily was never happy at first. As the cobweb slowly grew and became more and more and more of the cobweb, so the only one she could see was Lily. In the next year, she was born.<|endoftext|>",8.0
 little more fun! He found the right package. Just the right to give his Mom's dream of making something for the one who was getting the gift!<|endoftext|>,9.0
" with Tim. You need to find a boy. I can share that with you!"" she laughed.
Tim's mom came up with the idea that her kid was going to go to her sister. She got a girl. She then went to the house to take the bag of vegetables. When the girl came back, she was going to put a boy in his mom's mouth.<|endoftext|>",7.0
" lake and came to play with the yellow kayak. Tim's got a blue one day later and got his green kayak to get green

The Brown Kayak was in the lake the next day that a brown guy came to the brown one came to play with the brown yellow kayak

Brown was playing with the brown kayak the next day when the brown kayak rolled in a brown",1.0
" Mia caught in the bird. In the house, there was the next-to.<|endoftext|>",2.0
